production,5
requirement,5
collaboration,5
development,5
provide,5
consultation,5
integrated,5
proposal,5
assessments,5
operational,4
target,4
involving,4
use,4
carry,4
communicate,4
include,4
protected,4
inform,4
funding,4
implemented,4
reports,4
prepare,4
functionalities,4
effectiveness,4
build,3
coherently,3
important,3
engine,3
interest,3
comparative,3
assist,3
increase,3
establishing,3
possibility,3
national,3
explore,3
deliver,3
meet,3
aims,3
review,3
follow,3
approach,3
response,3
encouraging,3
needed,3
added,3
management,3
indicator,3
regards,3
adaptation,3
investigate,3
government,3
support,3
setting,3
initiative,3
network,3
process,3
convention,3
ecological,3
sustainable,3
identify,3
applying,3
maps,3
discussions,3
improved,3
regions,3
updating,3
specifically,3
incorporate,3
costed,3
seeking,3
analyses,3
links,3
organization,3
continue,3
relationship,2
sites,2
interaction,2
sourcing,2
finalization,2
collecting,2
publishing,2
sea,2
birds,2
format,2
articles,2
sheets,2
refinement,2
global,2
perspective,2
members,2
rigorous,2
scientifically,2
publication,2
raised,2
concerns,2
contribute,2
addressing,2
live,2
keep,2
place,2
role,2
received,2
cover,2
state,2
common,2
directive,2
alternatives,2
consistent,2
environments,2
shared,2
relevant,2
account,2
take,2
studies,2
arise,2
individual,2
forests,2
mountains,2
feedbacks,2
external,2
structural,2
time,2
control,2
biological,2
diseases,2
sectors,2
research,2
operationalise,2
put,2
scope,2
inputs,2
outputs,2
partners,2
interoperability,2
inclusive,2
call,2
details,2
electronically,2
facts,2
programme,2
institutions,2
current,2
conducting,2
level,2
toward,2
progress,2
revision,2
access,2
leads,2
dimension,2
economic,2
events,2
ensuring,2
nbsaps,2
substantial,2
additional,2
party,2
action,2
trained,2
produce,2
work,2
teams,2
demand,2
draft,2
terms,2
cooperation,2
requests,2
experts,2
agencies,2
designation,2
ocean,2
start,2
validation,2
standardisation,2
focused,2
agreements,2
undertaking,2
comparison,2
transparent,2
iied,2
project,2
scales,2
genetic,2
local,2
international,2
challenging,2
crop,2
separate,2
hold,2
statistical,2
tool,2
areas,2
calculation,2
remotely,2
achieve,2
sensed,2
agricultural,2
advanced,2
models,2
disseminate,2
landscape,2
pilot,2
enhanced,2
demonstrate,2
monitor,2
base,2
make,2
evaluate,2
contract,2
fuels,2
biofuel,2
quantifying,2
seeing,2
framework,2
livelihoods,2
centres,2
practices,2
policies,2
agreed,2
systematic,2
concept,2
psc,2
cases,2
way,2
apes,2
user,2
values,2
available,2
workshop,2
appropriate,2
mpas,2
related,2
territories,2
capacity,2
potential,2
impacts,2
enabling,2
results,2
change,2
expand,2
year,2
secured,2
activities,2
resource,2
selection,2
mitigate,2
considerations,2
components,2
existing,2
adoption,2
respond,2
objective,2
services,2
priorities,2
ecosystem,2
mangrove,2
positioned,2
significant,2
datasets,2
several,2
understanding,2
financing,2
country,2
system,2
planning,2
measures,2
prioritise,1
wio,1
collate,1
broad,1
re,1
those,1
excluding,1
interpret,1
holistic,1
marine,1
spatial,1
non,1
fully,1
b,1
countires,1
nearby,1
naftogaz,1
master,1
envisages,1
investment,1
bn,1
rehabilitation,1
modernisation,1
ukraine,1
gas,1
transit,1
then,1
only,1
paper,1
modernization,1
environmental,1
social,1
experienced,1
part,1
nippon,1
koei,1
s,1
bid,1
engaged,1
you,1
oryx,1
along,1
pipeline,1
routes,1
storage,1
locations,1
custodian,1
al,1
et,1
through,1
wood,1
our,1
ideally,1
methodology,1
uk,1
three,1
macarthur,1
foundation,1
new,1
similar,1
characteristcis,1
overseas,1
all,1
strategy,1
baseline,1
fourth,1
boundaries,1
political,1
drivers,1
decline,1
biogeographic,1
os,1
i,1
eu,1
commodity,1
markets,1
capture,1
china,1
natural,1
delineate,1
asia,1
africa,1
lac,1
wwf,1
germany,1
primary,1
april,1
iki,1
climate,1
biomass,1
they,1
have,1
expressed,1
resilience,1
some,1
march,1
exactly,1
yet,1
unclear,1
we,1
hoping,1
budget,1
around,1
k,1
stafftime,1
characteristics,1
multiple,1
benefits,1
redd,1
zambia,1
overseease,1
carbon,1
stocks,1
fulfill,1
full,1
do,1
counterparts,1
benzaken,1
unprotected,1
subset,1
subject,1
dominique,1
exceptional,1
months,1
may,1
world,1
heritage,1
subsequent,1
iucnm,1
wcpa,1
collegiate,1
coming,1
partnership,1
over,1
eba,1
suggested,1
donors,1
people,1
although,1
there,1
suitable,1
notes,1
no,1
flesh,1
up,1
therefore,1
examine,1
either,1
explicitly,1
alison,1
h,1
jon,1
future,1
big,1
oil,1
jessica,1
fossil,1
reciprocal,1
ihs,1
energy,1
plantations,1
university,1
southampton,1
imperial,1
college,1
matt,1
independent,1
contact,1
wh,1
tl,1
properties,1
ouv,1
one,1
paragraph,1
gef,1
degradation,1
portfolio,1
linkages,1
easier,1
evidence,1
mutual,1
explain,1
ld,1
overall,1
could,1
underpin,1
identification,1
delivery,1
wider,1
outcome,1
slm,1
observatory,1
comprehensive,1
database,1
store,1
categorize,1
trends,1
equipped,1
back,1
office,1
platform,1
content,1
front,1
end,1
email,1
notification,1
tackling,1
search,1
mandates,1
strength,1
mining,1
complementary,1
organisations,1
charting,1
dashboard,1
compile,1
two,1
makers,1
formal,1
varieties,1
breeding,1
techniques,1
october,1
technology,1
monday,1
staff,1
senior,1
methods,1
trial,1
negative,1
ge,1
supply,1
wdpa,1
google,1
earth,1
combination,1
upgrades,1
cope,1
extra,1
traffic,1
tightening,1
under,1
faso,1
burkina,1
coral,1
reef,1
layer,1
attributes,1
health,1
index,1
jerker,1
gabriel,1
others,1
plus,1
online,1
rapid,1
shortly,1
viewer,1
bilateral,1
peer,1
task,1
force,1
or,1
example,1
high,1
nagoya,1
statements,1
expected,1
course,1
oecd,1
http,1
www,1
org,1
document,1
en,1
html,1
would,1
afps,1
unccd,1
summer,1
strategic,1
chapeau,1
umbrella,1
km,1
where,1
help,1
joint,1
such,1
iii,1
third,1
when,1
particular,1
immediate,1
ipbes,1
goods,1
stockholm,1
valuation,1
socio,1
field,1
expertise,1
roll,1
mauritius,1
russia,1
nigeria,1
guaina,1
shield,1
etc,1
technical,1
scbd,1
leadership,1
during,1
modality,1
define,1
jointly,1
purpose,1
pei,1
undp,1
status,1
decision,1
submitted,1
asked,1
marc,1
metzger,1
edinburgh,1
join,1
consortium,1
ec,1
coordination,1
sending,1
days,1
late,1
august,1
brussels,1
env,1
its,1
capital,1
water,1
urban,1
increasingly,1
rationale,1
forward,1
conceptual,1
innovative,1
better,1
best,1
outline,1
regulatory,1
july,1
june,1
range,1
committee,1
fresh,1
rural,1
session,1
physical,1
th,1
date,1
factors,1
wetlands,1
green,1
infrastructure,1
mechanisms,1
instruments,1
serve,1
maintain,1
flow,1
while,1
preserving,1
diversity,1
implications,1
choices,1
trade,1
offs,1
synergies,1
g,1
e,1
qualify,1
them,1
respective,1
iv,1
derived,1
v,1
align,1
disconnected,1
conflicting,1
theme,1
power,1
asymmetries,1
previous,1
balancing,1
vi,1
reference,1
protocols,1
freshwater,1
vii,1
perennity,1
major,1
strands,1
plural,1
conditional,1
terrestrial,1
formulation,1
x,1
ix,1
thematic,1
afd,1
released,1
tender,1
analytical,1
complementarity,1
efficiency,1
amongst,1
criteria,1
private,1
test,1
application,1
kenya,1
quantitative,1
african,1
wildlife,1
driven,1
elements,1
especially,1
literature,1
simply,1
data,1
focus,1
track,1
spent,1
intention,1
try,1
recover,1
much,1
should,1
but,1
like,1
discrete,1
code,1
charge,1
ccad,1
annual,1
cites,1
form,1
confidential,1
chape,1
magin,1
analysis,1
gap,1
solid,1
opportunities,1
successful,1
experience,1
regular,1
basis,1
european,1
union,1
inventory,1
turkmenistan,1
commission,1
further,1
msfd,1
europe,1
wise,1
french,1
english,1
mfsd,1
both,1
summaries,1
aggregate,1
summarise,1
visualise,1
held,1
main,1
according,1
habitats,1
printed,1
proper,1
rscs,1
close,1
iucn,1
eea,1
group,1
exchange,1
wg,1
dike,1
line,1
renewable,1
mrag,1
ltd,1
association,1
urs,1
scott,1
wilson,1
different,1
identifiy,1
lessons,1
learnt,1
mainstraining,1
stratgies,1
reduction,1
draw,1
number,1
teeb,1
practitioners,1
led,1
sub,1
wide,1
small,1
guidelines,1
utilized,1
can,1
ifad,1
knowledge,1
seminal,1
smallholders,1
food,1
want,1
intellectual,1
traditional,1
graphic,1
representations,1
directly,1
throughout,1
how,1
threatened,1
cycads,1
situ,1
ex,1
transfer,1
thailand,1
south,1
mexico,1
feed,1
arena,1
instance,1
guidance,1
detriment,1
findings,1
legislation,1
pertaining,1
harvest,1
any,1
aspects,1
also,1
hutton,1
twice,1
yearly,1
board,1
expenses,1
travel,1
templates,1
phase,1
options,1
conference,1
does,1
translation,1
early,1
guide,1
if,1
causes,1
mortality,1
pacific,1
accurately,1
record,1
nomenclature,1
un,1
depi,1
principles,1
fp,1
forestry,1
drought,1
across,1
gbif,1
birdlife,1
rspb,1
cambridge,1
extent,1
together,1
science,1
cop,1
beyond,1
limits,1
jurisdiction,1
intended,1
connectivity,1
threats,1
column,1
geospatial,1
lab,1
duke,1
maritime,1
united,1
nea,1
society,1
prosperity,1
lwec,1
began,1
mid,1
constrains,1
standalone,1
whether,1
academia,1
ngos,1
embodied,1
millennium,1
defra,1
devolved,1
administrations,1
act,1
co,1
ordinate,1
not,1
really,1
procedures,1
allow,1
necessary,1
export,1
permits,1
certificates,1
pass,1
swiss,1
authorities,1
hermione,1
hotspot,1
man,1
distribution,1
interconnection,1
deep,1
impacy,1
large,1
episodic,1
stakeholders,1
spread,1
packages,1
interface,1
more,1
key,1
allocated,1
issues,1
fao,1
vulnerable,1
open,1
csi,1
central,1
america,1
secretariat,1
once,1
with,1
alumni,1
minute,1
documentary,1
awareness,1
will,1
context,1
post,1
dominican,1
republic,1
hosting,1
departments,1
institutuionalising,1
smooth,1
council,1
regulation,1
suspension,1
run,1
wealth,1
drylands,1
oriented,1
dry,1
humid,1
incomplete,1
prevent,1
thinking,1
due,1
cbd,1
legal,1
companies,1
often,1
bodies,1
recognition,1
recognized,1
academic,1
undertaken,1
sensitivity,1
behind,1
restrictions,1
commercial,1
order,1
overview,1
commonly,1
prioritize,1
near,1
ramifications,1
emission,1
been,1
conservation,1
biodiversity,1
images,1
sierra,1
leone,1
sumatra,1
predictive,1
land,1
oversight,1
gofc,1
gold,1
sourcebook,1
authoritative,1
executing,1
size,1
m,1
combat,1
desertificaiton,1
performance,1
prais,1
entities,1
credible,1
strengthen,1
portal,1
traditionally,1
hubs,1
long,1
populations,1
affected,1
desertification,1
rely,1
repayment,1
rc,1
ssfas,1
grant,1
mainstreaming,1
step,1
simultaneously,1
web,1
atlas,1
flexible,1
higher,1
resolution,1
inside,1
outside,1
sample,1
rates,1
vary,1
predictors,1
rio,1
unfccc,1
ldcs,1
afghanistan,1
eritrea,1
laos,1
liberia,1
sids,1
palau,1
relatively,1
low,1
norwegian,1
might,1
great,1
first,1
wild,1
max,1
planck,1
evolutionary,1
anthropology,1
mpi,1
ssc,1
specialist,1
arcus,1
jane,1
goodall,1
grasp,1
gis,1
apesmapper,1
out,1
friendly,1
alleviation,1
second,1
completed,1
poverty,1
voluntary,1
vrd,1
oslo,1
pledges,1
maintenance,1
provision,1
core,1
formalise,1
business,1
least,1
get,1
gbp,1
cofinancingn,1
clear,1
resolve,1
license,1
isme,1
serge,1
fred,1
short,1
within,1
editing,1
obis,1
vizzuality,1
efforts,1
being,1
family,1
specify,1
what,1
why,1
must,1
frequencies,1
deadlines,1
streamlining,1
avoid,1
duplication,1
reduce,1
burden,1
various,1
types,1
well,1
previously,1
wfd,1
compatibility,1
iterative,1
dg,1
endorsed,1
directors,1
rangeland,1
payments,1
soil,1
ground,1
vegetation,1
lia,1
six,1
plant,1
species,1
chanel,1
label,1
standards,1
website,1
aromatic,1
cosmetics,1
industry,1
consider,1
human,1
contained,1
convene,1
hoc,1
stimulate,1
emg,1
had,1
profile,1
unemg,1
enthusiasm,1
generated,1
agenda,1
made,1
unga,1
preparatory,1
circulate,1
approval,1
officials,1
sept,1
economy,1
safeguards,1
inc,1
neutrality,1
procurement,1
indonesian,1
toolkit,1
provincial,1
brazilian,1
operationalizing,1
substantive,1
ongoing,1
intergovernmental,1
debate,1
comprises,1
background,1
than,1
peatlands,1
savannas,1
tundras,1
steppes,1
seagrass,1
beds,1
tor,1
given,1
delays,1
coverage,1
aichi,1
shall,1
version,1
planet,1
finnish,1
launched,1
sbstta,1
montreal,1
congo,1
between,1
western,1
gabon,1
drc,1
explorting,1
feasibility,1
encompassing,1
democratic,1
durban,1
november,1
december,1
earlier,1
snapshot,1
chandra,1
giri,1
pressures,1
tbd,1
c,1
sequestration,1
grimsditch,1
enquiring,1
unredd,1
german,1
ici,1
acronym,1
candidate,1
finalised,1
british,1
oceanographic,1
bodc,1
ospar,1
reliable,1
handle,1
assemble,1
display,1
preprare,1
demo,1
submiession,1
ramsar,1
ris,1
pre,1
goals,1
bringing,1
took,1
features,1
ve,1
nestle,1
presented,1
writing,1
section,1
wrote,1
lays,1
were,1
little,1
